[
  {
    "updateMonth": "2020/01",
    "contry_monthly_confirmedCount": 11791
  },
  {
    "updateMonth": "2020/02",
    "contry_monthly_confirmedCount": 68033
  },
  {
    "updateMonth": "2020/03",
    "contry_monthly_confirmedCount": 1730
  },
  {
    "updateMonth": "2020/04",
    "contry_monthly_confirmedCount": 1308
  },
  {
    "updateMonth": "2020/05",
    "contry_monthly_confirmedCount": 139
  },
  {
    "updateMonth": "2020/06",
    "contry_monthly_confirmedCount": 530
  },
  {
    "updateMonth": "2020/07",
    "contry_monthly_confirmedCount": 761
  },
  {
    "updateMonth": "2020/08",
    "contry_monthly_confirmedCount": 756
  },
  {
    "updateMonth": "2020/09",
    "contry_monthly_confirmedCount": 355
  },
  {
    "updateMonth": "2020/10",
    "contry_monthly_confirmedCount": 570
  },
  {
    "updateMonth": "2020/11",
    "contry_monthly_confirmedCount": 557
  },
  {
    "updateMonth": "2020/12",
    "contry_monthly_confirmedCount": 522
  },
  {
    "updateMonth": "2021/01",
    "contry_monthly_confirmedCount": 2470
  },
  {
    "updateMonth": "2021/02",
    "contry_monthly_confirmedCount": 371
  },
  {
    "updateMonth": "2021/03",
    "contry_monthly_confirmedCount": 308
  },
  {
    "updateMonth": "2021/04",
    "contry_monthly_confirmedCount": 454
  },
  {
    "updateMonth": "2021/05",
    "contry_monthly_confirmedCount": 417
  },
  {
    "updateMonth": "2021/06",
    "contry_monthly_confirmedCount": 708
  },
  {
    "updateMonth": "2021/07",
    "contry_monthly_confirmedCount": 1150
  },
  {
    "updateMonth": "2021/08",
    "contry_monthly_confirmedCount": 1912
  },
  {
    "updateMonth": "2021/09",
    "contry_monthly_confirmedCount": 1264
  },
  {
    "updateMonth": "2021/10",
    "contry_monthly_confirmedCount": 974
  },
  {
    "updateMonth": "2021/11",
    "contry_monthly_confirmedCount": 1592
  },
  {
    "updateMonth": "2021/12",
    "contry_monthly_confirmedCount": 3411
  },
  {
    "updateMonth": "2022/01",
    "contry_monthly_confirmedCount": 3990
  },
  {
    "updateMonth": "2022/02",
    "contry_monthly_confirmedCount": 3253
  },
  {
    "updateMonth": "2022/03",
    "contry_monthly_confirmedCount": 39950
  },
  {
    "updateMonth": "2022/04",
    "contry_monthly_confirmedCount": 64967
  },
  {
    "updateMonth": "2022/05",
    "contry_monthly_confirmedCount": 9594
  }
]